Country Name,Country Code,Series Name,Series Code,2010 [YR2010],2011 [YR2011],2012 [YR2012],2013 [YR2013],2014 [YR2014],2015 [YR2015],2016 [YR2016],2017 [YR2017],2018 [YR2018],2019 [YR2019],2020 [YR2020],2021 [YR2021],2022 [YR2022],2023 [YR2023],2024 [YR2024]
World,WLD,"Life expectancy at birth, total (years)",SP.DYN.LE00.IN,70.68184335,70.96801349,71.26375458,71.53267021,71.77554368,71.96475451,72.1848946,72.36534478,72.64361208,72.86891031,72.18222395,71.21548417,72.96901572,73.32971628,..
Afghanistan,AFG,"Life expectancy at birth, total (years)",SP.DYN.LE00.IN,60.702,61.25,61.735,62.188,62.26,62.27,62.646,62.406,62.443,62.941,61.454,60.417,65.617,66.035,..
Africa Eastern and Southern,AFE,"Life expectancy at birth, total (years)",SP.DYN.LE00.IN,58.82727921,59.20000403,60.24951236,60.89573975,61.25143602,61.71303052,62.16798132,62.5912751,63.33069136,63.85726128,63.766484,62.97999919,64.48701955,65.14629086,..
Africa Western and Central,AFW,"Life expectancy at birth, total (years)",SP.DYN.LE00.IN,54.60335321,54.96397349,55.29270582,55.55490741,55.69544634,56.03833565,56.39245185,56.62643881,57.03697644,57.14984676,57.3644254,57.36257169,57.98781339,58.85572155,..
Albania,ALB,"Life expectancy at birth, total (years)",SP.DYN.LE00.IN,78.414,78.303,78.084,77.995,78.029,78.358,78.643,78.9,79.238,79.467,77.824,76.844,78.769,79.602,..
Algeria,DZA,"Life expectancy at birth, total (years)",SP.DYN.LE00.IN,74.144,74.383,74.609,74.809,74.992,75.159,75.31,75.431,75.555,75.682,73.257,75.208,76.129,76.261,..
American Samoa,ASM,"Life expectancy at birth, total (years)",SP.DYN.LE00.IN,72.587,72.662,72.709,72.769,72.687,72.654,72.64,72.801,72.794,72.751,72.672,72.708,72.752,72.852,..
Andorra,AND,"Life expectancy at birth, total (years)",SP.DYN.LE00.IN,84.197,84.296,84.334,84.406,84.485,84.532,84.489,84.359,84.242,84.098,79.418,82.331,84.016,84.041,..
Angola,AGO,"Life expectancy at birth, total (years)",SP.DYN.LE00.IN,57.242,58.093,58.916,59.705,60.396,61.042,61.619,62.122,62.622,63.051,63.116,62.958,64.246,64.617,..
Antigua and Barbuda,ATG,"Life expectancy at birth, total (years)",SP.DYN.LE00.IN,76.701,77.023,77.1,77.05,76.912,76.892,76.968,77.03,77.132,77.168,77.161,77.197,77.483,77.598,..
Arab World,ARB,"Life expectancy at birth, total (years)",SP.DYN.LE00.IN,69.8073221,69.36333769,69.8423166,70.19210585,70.53506663,70.65801237,70.89648812,71.11285601,71.43129979,71.83989327,70.72655881,70.40411449,71.8760956,72.44467836,..
Argentina,ARG,"Life expectancy at birth, total (years)",SP.DYN.LE00.IN,75.68,76.1,75.802,75.829,76.268,76.6,76.105,76.543,76.77,76.847,75.878,73.948,75.806,77.395,..
Armenia,ARM,"Life expectancy at birth, total (years)",SP.DYN.LE00.IN,73.17317073,73.81707317,74.1195122,74.62195122,74.87317073,74.87073171,74.86829268,75.21707317,75.6195122,76.22195122,73.37560976,72.27804878,74.76585366,77.46585366,..
Aruba,ABW,"Life expectancy at birth, total (years)",SP.DYN.LE00.IN,74.297,74.578,74.841,75.072,75.261,75.405,75.54,75.62,75.88,76.019,75.406,73.655,76.226,76.353,..
Australia,AUS,"Life expectancy at birth, total (years)",SP.DYN.LE00.IN,81.69512195,81.89512195,82.04634146,82.14878049,82.3,82.4,82.44878049,82.5,82.74878049,82.9,83.2,83.3,83.2,83.05121951,..
Austria,AUT,"Life expectancy at birth, total (years)",SP.DYN.LE00.IN,80.5804878,80.98292683,80.93658537,81.13658537,81.4902439,81.1902439,81.64146341,81.64390244,81.69268293,81.89512195,81.19268293,81.1902439,81.29512195,81.54146341,..
Azerbaijan,AZE,"Life expectancy at birth, total (years)",SP.DYN.LE00.IN,70.309,70.565,71.08,71.485,71.93,72.349,72.568,72.694,73.016,73.29,70.312,70.999,74.125,74.429,..
"Bahamas, The",BHS,"Life expectancy at birth, total (years)",SP.DYN.LE00.IN,73.449,73.571,73.707,73.93,74.029,73.805,74.042,74.031,74.062,71.408,72.994,70.752,74.491,74.552,..
Bahrain,BHR,"Life expectancy at birth, total (years)",SP.DYN.LE00.IN,78.593,79.141,79.622,79.998,80.214,80.338,80.407,80.407,80.412,80.471,78.683,78.083,80.992,81.284,..
Bangladesh,BGD,"Life expectancy at birth, total (years)",SP.DYN.LE00.IN,68.009,68.499,68.989,69.487,70.016,70.543,71.075,71.606,72.122,72.625,71.421,71.103,74.265,74.672,..
Barbados,BRB,"Life expectancy at birth, total (years)",SP.DYN.LE00.IN,75.488,75.599,75.737,75.816,75.926,76.055,76.168,76.237,76.378,76.495,76.647,76.58,75.676,76.178,..
Belarus,BLR,"Life expectancy at birth, total (years)",SP.DYN.LE00.IN,70.40487805,70.55365854,71.96585366,72.47073171,72.97073171,73.62439024,73.82682927,74.12926829,74.17560976,74.22682927,72.13856098,72.07146341,74.10336585,74.18378049,..
Belgium,BEL,"Life expectancy at birth, total (years)",SP.DYN.LE00.IN,80.18292683,80.58536585,80.38536585,80.58780488,81.28780488,80.99268293,81.43902439,81.49268293,81.59512195,81.99512195,80.69512195,81.7902439,81.74878049,82.39756098,..
Belize,BLZ,"Life expectancy at birth, total (years)",SP.DYN.LE00.IN,70.875,70.975,71.134,71.276,71.437,71.647,71.843,72.062,72.322,72.577,71.58,70.917,72.19,73.566,..
Benin,BEN,"Life expectancy at birth, total (years)",SP.DYN.LE00.IN,58.387,58.462,58.559,58.863,59.008,59.123,59.283,59.528,59.71,59.888,60.154,59.61,60.475,60.774,..
Bermuda,BMU,"Life expectancy at birth, total (years)",SP.DYN.LE00.IN,79.414,79.651,79.847,80.016,80.199,80.338,80.476,80.686,80.986,81.251,81.456,81.745,82.062,82.309,..
Bhutan,BTN,"Life expectancy at birth, total (years)",SP.DYN.LE00.IN,68.765,69.28,69.759,70.161,70.504,70.797,71.119,71.413,71.711,72.005,72.253,72.448,72.754,72.975,..
Bolivia,BOL,"Life expectancy at birth, total (years)",SP.DYN.LE00.IN,66.003,66.282,66.586,66.777,66.97,67.205,67.392,67.536,67.699,67.82,62.906,61.427,67.434,68.581,..
Bosnia and Herzegovina,BIH,"Life expectancy at birth, total (years)",SP.DYN.LE00.IN,76.827,76.963,77.037,77.129,77.089,77.073,77.124,77.385,77.942,77.394,76.04,74.567,76.777,77.85,..
Botswana,BWA,"Life expectancy at birth, total (years)",SP.DYN.LE00.IN,59.137,59.715,60.384,61.217,62.167,63.215,64.32,65.42,66.371,67.167,67.643,63.303,68.749,69.163,..
Brazil,BRA,"Life expectancy at birth, total (years)",SP.DYN.LE00.IN,73.779,74.047,74.335,74.609,74.823,75.106,75.081,75.383,75.633,75.809,74.506,73.038,74.872,75.848,..
British Virgin Islands,VGB,"Life expectancy at birth, total (years)",SP.DYN.LE00.IN,76.289,76.363,76.433,76.472,76.527,76.558,76.624,75.67,76.728,76.845,76.894,75.297,77.177,77.276,..
Brunei Darussalam,BRN,"Life expectancy at birth, total (years)",SP.DYN.LE00.IN,74.82,74.835,74.843,74.854,74.862,74.88,74.905,74.943,74.992,75.049,75.114,74.869,72.917,75.327,..
Bulgaria,BGR,"Life expectancy at birth, total (years)",SP.DYN.LE00.IN,73.51219512,74.16341463,74.31463415,74.86097561,74.46585366,74.61463415,74.81219512,74.81463415,74.96341463,75.11219512,73.35609756,71.21219512,74.16097561,75.70731707,..
Burkina Faso,BFA,"Life expectancy at birth, total (years)",SP.DYN.LE00.IN,56.343,57.001,57.457,57.903,58.331,58.778,59.173,59.578,59.972,60.184,60.454,60.046,60.7,61.092,..
Burundi,BDI,"Life expectancy at birth, total (years)",SP.DYN.LE00.IN,57.088,57.804,58.501,59.179,59.764,60.107,60.789,61.345,61.806,62.18,62.569,62.101,62.882,63.651,..
Cabo Verde,CPV,"Life expectancy at birth, total (years)",SP.DYN.LE00.IN,72.507,72.913,73.315,73.481,73.788,74.096,74.35,74.71,74.84,75.449,73.818,74.424,75.907,76.059,..
Cambodia,KHM,"Life expectancy at birth, total (years)",SP.DYN.LE00.IN,67.311,67.869,68.371,68.755,69.117,69.398,69.635,69.842,69.993,70.127,70.059,69.301,70.528,70.668,..
Cameroon,CMR,"Life expectancy at birth, total (years)",SP.DYN.LE00.IN,56.965,57.482,58.17,58.73,59.13,59.687,60.293,60.817,61.189,61.695,61.674,61.146,62.443,63.7,..
Canada,CAN,"Life expectancy at birth, total (years)",SP.DYN.LE00.IN,81.32219512,81.48268293,81.66365854,81.74487805,81.78439024,81.82585366,81.94,81.81292683,81.80878049,82.16365854,81.53512195,81.51682927,81.24536585,81.64658537,..
Caribbean small states,CSS,"Life expectancy at birth, total (years)",SP.DYN.LE00.IN,71.0114367,71.26609329,71.40191433,71.56925061,71.77394118,71.86410217,72.05163612,72.17310416,72.2210854,72.12926048,71.93943593,69.92281075,72.83229211,73.171645,..
Cayman Islands,CYM,"Life expectancy at birth, total (years)",SP.DYN.LE00.IN,76.069,76.562,77.121,77.652,77.865,78.119,78.367,78.615,78.835,79.052,79.23,79.3,79.984,80.358,..
Central African Republic,CAF,"Life expectancy at birth, total (years)",SP.DYN.LE00.IN,46.871,50.107,51.336,49.487,40.265,51.934,50.999,45.231,52.297,31.53,50.596,40.279,18.818,57.408,..
Central Europe and the Baltics,CEB,"Life expectancy at birth, total (years)",SP.DYN.LE00.IN,75.29396578,75.88847488,76.00339447,76.37473501,76.68876964,76.57551198,76.97030623,76.92978872,76.97643808,77.26591419,76.01627013,74.72328279,76.65229873,77.89678365,..
Chad,TCD,"Life expectancy at birth, total (years)",SP.DYN.LE00.IN,50.107,50.426,50.765,51.051,51.141,51.32,51.603,51.875,52.447,52.993,53.082,53.136,54.528,55.069,..
Channel Islands,CHI,"Life expectancy at birth, total (years)",SP.DYN.LE00.IN,81.2,81.4,81.3,81.5,81.6,81.4,81.2,81,81.1,81.2,80.9,80.3,81,81.1,..
Chile,CHL,"Life expectancy at birth, total (years)",SP.DYN.LE00.IN,79.095,79.236,79.221,79.551,79.714,80.008,80.295,80.61,80.559,80.324,79.349,78.876,79.176,81.167,..
China,CHN,"Life expectancy at birth, total (years)",SP.DYN.LE00.IN,75.668,75.889,76.2,76.452,76.714,76.975,77.214,77.235,77.709,77.94,78.019,78.117,78.202,77.953,..
Colombia,COL,"Life expectancy at birth, total (years)",SP.DYN.LE00.IN,74.876,75.18,75.611,75.834,75.95,76.067,76.228,76.418,76.579,76.793,74.757,72.698,76.508,77.725,..
Comoros,COM,"Life expectancy at birth, total (years)",SP.DYN.LE00.IN,62.747,63.105,63.463,63.839,64.143,64.473,64.792,65.127,65.401,65.662,65.756,65.201,66.481,66.777,..
"Congo, Dem. Rep.",COD,"Life expectancy at birth, total (years)",SP.DYN.LE00.IN,56.411,56.911,57.35,57.795,58.236,58.658,59.081,59.495,59.926,60.242,60.428,60.044,60.979,61.895,..
"Congo, Rep.",COG,"Life expectancy at birth, total (years)",SP.DYN.LE00.IN,61.731,62.286,62.662,62.969,63.349,63.662,63.911,64.203,64.472,63.152,64.391,64.192,65,65.772,..
Costa Rica,CRI,"Life expectancy at birth, total (years)",SP.DYN.LE00.IN,79.354,79.624,79.925,80.189,80.231,80.407,79.988,79.994,80.09,80.296,79.725,78.05,79.316,80.799,..
Cote d'Ivoire,CIV,"Life expectancy at birth, total (years)",SP.DYN.LE00.IN,55.282,55.972,56.57,57.057,57.772,58.281,58.814,59.315,59.795,60.274,60.14,60.29,61.562,61.944,..
Croatia,HRV,"Life expectancy at birth, total (years)",SP.DYN.LE00.IN,76.47560976,76.77560976,77.16829268,77.57073171,77.72439024,77.27560976,77.92195122,77.72682927,77.9195122,78.22439024,77.52439024,76.42439024,77.57560976,78.47317073,..
Cuba,CUB,"Life expectancy at birth, total (years)",SP.DYN.LE00.IN,77.876,78.051,78.162,78.028,77.825,77.745,77.571,77.3,77.426,77.413,77.407,73.201,77.629,78.085,..
Curacao,CUW,"Life expectancy at birth, total (years)",SP.DYN.LE00.IN,75.117,75.576,75.96,76.239,76.384,76.482,76.322,76.423,76.493,76.492,76.501,75.686,76.729,76.8,..
Cyprus,CYP,"Life expectancy at birth, total (years)",SP.DYN.LE00.IN,80.632,80.855,81.128,81.317,81.337,81.464,81.534,81.543,81.556,81.454,81.23,80.573,80.434,81.648,..
Czechia,CZE,"Life expectancy at birth, total (years)",SP.DYN.LE00.IN,77.42439024,77.87317073,78.07560976,78.17560976,78.82439024,78.57804878,79.02682927,78.97804878,79.02926829,79.22926829,78.22682927,77.22195122,78.92926829,79.87804878,..
Denmark,DNK,"Life expectancy at birth, total (years)",SP.DYN.LE00.IN,79.1,79.8,80.05121951,80.3,80.7,80.70243902,80.85365854,81.10243902,80.95365854,81.45121951,81.60243902,81.40487805,81.30487805,81.85365854,..
Djibouti,DJI,"Life expectancy at birth, total (years)",SP.DYN.LE00.IN,60.743,61.337,61.719,62.116,62.427,62.833,63.335,63.71,64.105,64.381,64.2,63.83,65.54,65.987,..
Dominica,DMA,"Life expectancy at birth, total (years)",SP.DYN.LE00.IN,71.68,71.517,71.391,71.228,71.189,69.968,71.189,68.62,71.378,71.305,71.269,69.832,71.081,71.132,..
Dominican Republic,DOM,"Life expectancy at birth, total (years)",SP.DYN.LE00.IN,72.039,72.496,72.817,73.038,73.145,72.982,72.889,73.37,73.555,73.112,72.636,71.757,74.211,73.72,..
Early-demographic dividend,EAR,"Life expectancy at birth, total (years)",SP.DYN.LE00.IN,67.82444347,68.26003807,68.60946303,68.96283778,69.32497588,69.63054844,69.94848371,70.27299494,70.54866599,70.84240646,69.88013085,68.17909948,71.43045525,71.79624498,..
East Asia & Pacific,EAS,"Life expectancy at birth, total (years)",SP.DYN.LE00.IN,74.62997901,74.82528306,75.10597269,75.33477299,75.56442704,75.79260102,75.98701667,76.07899236,76.39142294,76.58626193,76.54343761,76.15300938,76.67678344,76.65951833,..
East Asia & Pacific (excluding high income),EAP,"Life expectancy at birth, total (years)",SP.DYN.LE00.IN,73.76163906,73.98574532,74.25978721,74.48593238,74.71945281,74.95112438,75.15591177,75.23967149,75.57828618,75.76896903,75.69763933,75.27814184,75.93254094,75.88068309,..
East Asia & Pacific (IDA & IBRD countries),TEA,"Life expectancy at birth, total (years)",SP.DYN.LE00.IN,73.80659809,74.0266932,74.29711263,74.51900337,74.7479822,74.97777684,75.183227,75.26716402,75.61012415,75.80428772,75.73384971,75.30098061,75.96103475,75.90856436,..
Ecuador,ECU,"Life expectancy at birth, total (years)",SP.DYN.LE00.IN,75.188,75.179,75.486,75.832,76.141,76.222,76.094,76.22,77.248,77.286,72.004,72.746,76.577,77.392,..
"Egypt, Arab Rep.",EGY,"Life expectancy at birth, total (years)",SP.DYN.LE00.IN,69.078,69.232,69.464,69.632,69.911,70.135,70.437,70.709,70.974,71.213,69.79,68.976,71.01,71.633,..
El Salvador,SLV,"Life expectancy at birth, total (years)",SP.DYN.LE00.IN,70.909,71.192,71.42,71.225,71.144,70.952,70.908,71.007,71.384,71.725,70.244,69.941,71.969,72.099,..
Equatorial Guinea,GNQ,"Life expectancy at birth, total (years)",SP.DYN.LE00.IN,58.344,58.827,59.301,59.784,60.228,60.635,61.081,61.481,61.915,62.297,62.141,62.447,63.355,63.707,..
Eritrea,ERI,"Life expectancy at birth, total (years)",SP.DYN.LE00.IN,63.665,64.231,64.697,65.005,65.517,65.909,66.242,66.612,66.979,67.306,66.98,66.94,67.789,68.624,..
Estonia,EST,"Life expectancy at birth, total (years)",SP.DYN.LE00.IN,75.42926829,76.22926829,76.32682927,77.14146341,77.03414634,77.5902439,77.64146341,78.09268293,78.24390244,78.64634146,78.59512195,76.94390244,77.84390244,78.4902439,..
Eswatini,SWZ,"Life expectancy at birth, total (years)",SP.DYN.LE00.IN,48.331,49.057,50.714,52.11,53.491,54.941,56.228,57.574,58.707,59.85,59.862,58.228,63.028,64.123,..
Ethiopia,ETH,"Life expectancy at birth, total (years)",SP.DYN.LE00.IN,59.709,60.595,61.443,62.161,62.927,63.592,64.162,64.766,65.257,65.741,65.969,65.33,66.897,67.315,..
Euro area,EMU,"Life expectancy at birth, total (years)",SP.DYN.LE00.IN,80.69894262,81.18263418,81.18273158,81.4679843,81.89325266,81.51939912,81.90758749,81.88400856,82.00276026,82.28042116,81.48735717,81.58393304,81.62122375,82.19200762,..
Europe & Central Asia,ECS,"Life expectancy at birth, total (years)",SP.DYN.LE00.IN,75.99540408,76.47941212,76.68059514,77.0325566,77.35369956,77.3311423,77.68151958,77.89930497,78.0322195,78.3042684,77.17574845,76.72872669,77.83611309,78.38701832,..
Europe & Central Asia (excluding high income),ECA,"Life expectancy at birth, total (years)",SP.DYN.LE00.IN,71.91259115,72.15095022,72.67451659,73.12744278,73.42174885,73.75827079,74.03492739,74.40749451,74.59766981,74.82118659,73.55895735,72.88743297,74.57862234,74.79871528,..
Europe & Central Asia (IDA & IBRD countries),TEC,"Life expectancy at birth, total (years)",SP.DYN.LE00.IN,71.43589734,71.9266644,72.33412567,72.79510884,73.04022377,73.34246512,73.69223762,74.13421119,74.30043875,74.59396745,73.15237382,72.15390077,74.19160336,74.7300564,..
European Union,EUU,"Life expectancy at birth, total (years)",SP.DYN.LE00.IN,79.63543079,80.14395052,80.16577732,80.47343246,80.87616539,80.57089662,80.95308081,80.93030979,81.03175101,81.31945249,80.44147547,80.30719644,80.71298184,81.41145038,..
Faroe Islands,FRO,"Life expectancy at birth, total (years)",SP.DYN.LE00.IN,80.63902439,80.8902439,81.0902439,81.34146341,81.59268293,81.79268293,81.99268293,82.14390244,82.29268293,82.44390244,82.64390244,82.84390244,82.94390244,83.14390244,..
Fiji,FJI,"Life expectancy at birth, total (years)",SP.DYN.LE00.IN,66.778,66.88,65.812,66.545,66.581,66.48,66.657,67.06,66.965,67.009,66.924,64.904,67.148,67.316,..
Finland,FIN,"Life expectancy at birth, total (years)",SP.DYN.LE00.IN,79.87073171,80.47073171,80.62682927,80.97560976,81.1804878,81.4804878,81.42926829,81.63170732,81.73414634,81.98292683,81.93170732,81.88536585,81.18780488,81.68536585,..
Fragile and conflict affected situations,FCS,"Life expectancy at birth, total (years)",SP.DYN.LE00.IN,59.37758842,59.66224008,60.13479502,60.48868034,60.58613194,60.77560176,61.01688416,61.26015704,61.81140511,62.16568469,62.08818298,61.63212679,62.72768319,63.37328126,..
France,FRA,"Life expectancy at birth, total (years)",SP.DYN.LE00.IN,81.66341463,82.11463415,81.96829268,82.2195122,82.7195122,82.32195122,82.57317073,82.57560976,82.67560976,82.82682927,82.17560976,82.32439024,82.12926829,82.92926829,..
French Polynesia,PYF,"Life expectancy at birth, total (years)",SP.DYN.LE00.IN,81.141,81.434,81.695,81.935,82.151,82.339,82.555,82.774,82.985,83.195,82.459,79.571,83.859,84.07,..
Gabon,GAB,"Life expectancy at birth, total (years)",SP.DYN.LE00.IN,64.715,65.102,65.438,65.751,66.07,66.336,66.583,66.816,67.043,67.337,67.073,67.072,67.713,68.337,..
"Gambia, The",GMB,"Life expectancy at birth, total (years)",SP.DYN.LE00.IN,61.167,61.561,61.9,62.252,62.576,62.971,63.386,63.708,64.034,64.427,64.418,63.847,64.859,65.86,..
Georgia,GEO,"Life expectancy at birth, total (years)",SP.DYN.LE00.IN,71.732,72.485,72.672,73.025,73.105,73.241,73.136,73.435,73.985,74.165,73.509,71.635,74.141,74.496,..
Germany,DEU,"Life expectancy at birth, total (years)",SP.DYN.LE00.IN,79.98780488,80.43658537,80.53902439,80.4902439,81.0902439,80.64146341,80.9902439,80.99268293,80.89268293,81.29268293,81.04146341,80.7902439,80.60804878,80.54146341,..
Ghana,GHA,"Life expectancy at birth, total (years)",SP.DYN.LE00.IN,61.297,61.617,61.995,62.397,62.832,63.175,63.522,63.829,64.138,64.455,64.309,64.286,65.246,65.498,..
Gibraltar,GIB,"Life expectancy at birth, total (years)",SP.DYN.LE00.IN,82.08,82.333,82.527,82.586,82.644,82.668,82.741,82.858,83.028,83.183,83.07,80.274,83.517,83.553,..
Greece,GRC,"Life expectancy at birth, total (years)",SP.DYN.LE00.IN,80.38780488,80.73170732,80.63414634,81.28536585,81.38536585,81.03658537,81.38780488,81.28780488,81.78780488,81.63902439,81.28780488,80.08292683,80.78780488,81.53658537,..
Greenland,GRL,"Life expectancy at birth, total (years)",SP.DYN.LE00.IN,70.08073171,70.26487805,70.54634146,70.83853659,71.06097561,71.47902439,71.83853659,71.93219512,71.96756098,71.94439024,71.85073171,71.81390244,71.5404878,71.5497561,..
Grenada,GRD,"Life expectancy at birth, total (years)",SP.DYN.LE00.IN,74.731,74.861,74.961,75.022,75.045,75.037,75.01,74.977,74.957,74.971,75.019,74.522,75.151,75.205,..
Guam,GUM,"Life expectancy at birth, total (years)",SP.DYN.LE00.IN,76.095,76.153,76.237,76.361,76.423,76.444,76.449,76.463,76.561,76.645,75.529,75.434,77.102,77.209,..
Guatemala,GTM,"Life expectancy at birth, total (years)",SP.DYN.LE00.IN,69.885,70.321,70.722,70.878,70.942,70.915,71.215,71.583,71.496,71.639,69.971,67.858,71.206,72.602,..
Guinea,GIN,"Life expectancy at birth, total (years)",SP.DYN.LE00.IN,56.431,56.778,57.117,57.459,57.581,57.899,58.49,58.715,59.043,59.379,59.35,59.373,60.432,60.74,..
Guinea-Bissau,GNB,"Life expectancy at birth, total (years)",SP.DYN.LE00.IN,56.999,57.663,58.27,58.879,59.476,60.071,60.619,61.148,61.652,62.161,61.343,61.653,63.605,64.085,..
Guyana,GUY,"Life expectancy at birth, total (years)",SP.DYN.LE00.IN,66.204,66.469,66.443,66.71,67.334,67.719,68.069,68.543,68.829,69.067,67.751,64.323,69.888,70.18,..
Haiti,HTI,"Life expectancy at birth, total (years)",SP.DYN.LE00.IN,45.577,61.581,62.273,62.624,62.969,63.224,63.325,63.832,64.077,64.328,63.773,62.613,63.948,64.936,..
Heavily indebted poor countries (HIPC),HPC,"Life expectancy at birth, total (years)",SP.DYN.LE00.IN,58.73245715,59.23007473,60.08546491,60.62822767,61.0402808,61.56179394,62.00380837,62.31519567,62.79854426,63.08980042,63.07263197,62.53137357,63.84044586,64.71590542,..
High income,HIC,"Life expectancy at birth, total (years)",SP.DYN.LE00.IN,78.59569877,78.92115369,79.07536479,79.31272476,79.56542462,79.52437462,79.72437244,79.85384107,79.96680206,80.1994382,79.20435169,78.80005645,79.43132422,80.15001512,..
Honduras,HND,"Life expectancy at birth, total (years)",SP.DYN.LE00.IN,69.77,70.116,70.46,70.765,71.032,71.323,71.615,71.805,72.001,72.124,70.864,69.492,72.715,72.884,..
"Hong Kong SAR, China",HKG,"Life expectancy at birth, total (years)",SP.DYN.LE00.IN,82.95756098,83.41195122,83.4502439,83.83121951,83.93560976,84.25268293,84.21146341,84.69560976,84.8697561,85.15585366,85.49634146,85.53268293,83.66097561,85.24731707,..
Hungary,HUN,"Life expectancy at birth, total (years)",SP.DYN.LE00.IN,74.20731707,74.85853659,75.06341463,75.56585366,75.76341463,75.56829268,76.06341463,75.81707317,76.06585366,76.3195122,75.4195122,74.06585366,75.86829268,76.77073171,..
IBRD only,IBD,"Life expectancy at birth, total (years)",SP.DYN.LE00.IN,71.5021795,71.82703339,72.1637223,72.46344184,72.75109662,73.03301914,73.2594437,73.48601658,73.7952368,74.03159317,73.29542289,71.97452294,74.25156135,74.52096995,..
Iceland,ISL,"Life expectancy at birth, total (years)",SP.DYN.LE00.IN,81.89756098,82.35853659,82.91707317,82.06097561,82.86097561,82.46829268,82.20487805,82.66097561,82.86097561,83.16341463,83.06341463,83.16585366,82.1195122,82.60731707,..
IDA & IBRD total,IBT,"Life expectancy at birth, total (years)",SP.DYN.LE00.IN,68.92583752,69.23488411,69.57336671,69.86875166,70.12059385,70.37189918,70.61427436,70.83116702,71.15332829,71.39427439,70.74915656,69.66825993,71.67792224,72.00082092,..
IDA blend,IDB,"Life expectancy at birth, total (years)",SP.DYN.LE00.IN,59.05151291,59.36440613,59.63056374,59.86857311,60.0998682,60.29449464,60.57616645,60.81839291,61.07405428,61.32599738,60.81800661,60.87653574,62.12886414,62.46216433,..
IDA only,IDX,"Life expectancy at birth, total (years)",SP.DYN.LE00.IN,62.04434513,62.43375212,62.96007482,63.38577278,63.60821102,63.88211799,64.31014079,64.6098589,65.1728901,65.58286911,65.41147907,64.87646341,66.36006053,67.05383189,..
IDA total,IDA,"Life expectancy at birth, total (years)",SP.DYN.LE00.IN,60.9876114,61.34857432,61.78241678,62.14110877,62.36685038,62.61354985,62.99195085,63.27369542,63.73093118,64.08854,63.80227499,63.47737993,64.88229029,65.45352231,..
India,IND,"Life expectancy at birth, total (years)",SP.DYN.LE00.IN,67.162,67.623,68.076,68.499,68.932,69.326,69.709,70.068,70.415,70.746,70.156,67.282,71.698,72.003,..
Indonesia,IDN,"Life expectancy at birth, total (years)",SP.DYN.LE00.IN,68.364,68.629,68.862,69.064,69.292,69.52,69.733,69.953,70.08,70.349,68.817,67.452,70.925,71.146,..
"Iran, Islamic Rep.",IRN,"Life expectancy at birth, total (years)",SP.DYN.LE00.IN,74.39,74.721,75.039,75.349,75.635,75.907,76.155,76.396,76.621,76.855,74.141,73.752,76.799,77.654,..
Iraq,IRQ,"Life expectancy at birth, total (years)",SP.DYN.LE00.IN,68.092,68.435,68.827,69.047,69.679,69.977,68.683,69.788,71.116,71.245,69.651,70.704,72.037,72.324,..
Ireland,IRL,"Life expectancy at birth, total (years)",SP.DYN.LE00.IN,80.74390244,80.74634146,80.84634146,80.94878049,81.34878049,81.45365854,81.65365854,82.15609756,82.20487805,82.70243902,82.45609756,82.25365854,82.5097561,82.86097561,..
Isle of Man,IMN,"Life expectancy at birth, total (years)",SP.DYN.LE00.IN,79.613,79.836,80.007,80.12,80.199,80.267,80.391,80.506,80.614,80.74,80.591,80.42,80.956,80.999,..
Israel,ISR,"Life expectancy at birth, total (years)",SP.DYN.LE00.IN,81.60243902,81.65609756,81.70487805,82.05609756,82.15365854,82.05121951,82.40731707,82.55121951,82.80243902,82.80487805,82.64878049,82.5,82.7,83.19512195,..
Italy,ITA,"Life expectancy at birth, total (years)",SP.DYN.LE00.IN,82.03658537,82.18780488,82.23902439,82.6902439,83.0902439,82.54390244,83.24390244,82.94634146,83.34634146,83.49756098,82.19512195,82.64634146,82.7,83.7,..
Jamaica,JAM,"Life expectancy at birth, total (years)",SP.DYN.LE00.IN,71.979,72.245,72.405,72.435,72.357,72.214,72.052,71.879,71.606,71.532,71.452,69.085,71.481,71.479,..
Japan,JPN,"Life expectancy at birth, total (years)",SP.DYN.LE00.IN,82.84268293,82.59121951,83.09609756,83.33195122,83.58780488,83.79390244,83.98487805,84.0997561,84.21097561,84.35634146,84.56,84.44560976,83.99634146,84.04121951,..
Jordan,JOR,"Life expectancy at birth, total (years)",SP.DYN.LE00.IN,73.797,73.929,74.087,74.282,74.606,75.06,75.55,76.071,76.491,76.865,75.583,74.204,77.088,77.814,..
Kazakhstan,KAZ,"Life expectancy at birth, total (years)",SP.DYN.LE00.IN,68.257,69.108,69.939,70.719,71.415,72.024,72.549,72.996,73.369,73.658,71.195,70.131,73.503,74.402,..
Kenya,KEN,"Life expectancy at birth, total (years)",SP.DYN.LE00.IN,60.915,61.283,61.537,61.729,61.99,62.279,62.526,62.725,62.825,62.939,61.596,61.225,63.549,63.646,..
Kiribati,KIR,"Life expectancy at birth, total (years)",SP.DYN.LE00.IN,65.859,65.896,65.908,65.898,65.869,65.831,65.799,65.787,65.807,65.866,65.205,64.148,66.269,66.473,..
"Korea, Dem. People's Rep.",PRK,"Life expectancy at birth, total (years)",SP.DYN.LE00.IN,70.246,70.772,71.317,71.867,72.451,72.825,72.971,73.034,73.02,72.928,72.783,73.437,73.641,73.642,..
"Korea, Rep.",KOR,"Life expectancy at birth, total (years)",SP.DYN.LE00.IN,80.11707317,80.56829268,80.8195122,81.27073171,81.72195122,82.02439024,82.27560976,82.62682927,82.62682927,83.22682927,83.42682927,83.52682927,82.6804878,83.42926829,..
Kosovo,XKX,"Life expectancy at birth, total (years)",SP.DYN.LE00.IN,74.609,75.323,75.75,76.336,76.179,76.024,76.748,77.105,77.117,77.249,74.212,74.981,77.623,78.033,..
Kuwait,KWT,"Life expectancy at birth, total (years)",SP.DYN.LE00.IN,77.72621951,78.0522439,78.39502439,78.74180488,79.08034146,79.37656098,79.67758537,79.91607317,80.10636585,81.9697561,78.76097561,78.73658537,80.58780488,83.18780488,..
Kyrgyz Republic,KGZ,"Life expectancy at birth, total (years)",SP.DYN.LE00.IN,69.3,69.60243902,70.00243902,70.20243902,70.40243902,70.65121951,70.95121951,71.2,71.4,71.6,71.8,71.9,72.04878049,72.24878049,..
Lao PDR,LAO,"Life expectancy at birth, total (years)",SP.DYN.LE00.IN,63.69,64.505,65.126,65.723,66.35,66.688,67.014,67.345,67.594,67.911,68.339,67.807,68.715,68.964,..
Late-demographic dividend,LTE,"Life expectancy at birth, total (years)",SP.DYN.LE00.IN,74.71082093,74.99999629,75.29941492,75.57913343,75.82410282,76.07638398,76.29309285,76.41767887,76.77842572,76.99826684,76.69371478,76.30608833,76.95458025,77.13012054,..
Latin America & Caribbean,LCN,"Life expectancy at birth, total (years)",SP.DYN.LE00.IN,73.40932278,73.9248923,74.16439437,74.38097727,74.56083487,74.74322219,74.67748488,74.83180879,75.0527172,75.20425987,73.18893402,71.8141668,74.64719894,75.64352933,..
Latin America & Caribbean (excluding high income),LAC,"Life expectancy at birth, total (years)",SP.DYN.LE00.IN,73.11903098,73.6885627,73.94990642,74.1693475,74.37705231,74.55539557,74.53064608,74.70065344,74.8906731,75.05135246,72.87592173,71.43770164,74.48972626,75.49860133,..
Latin America & the Caribbean (IDA & IBRD countries),TLA,"Life expectancy at birth, total (years)",SP.DYN.LE00.IN,73.28403817,73.81125724,74.05314274,74.27265241,74.46420315,74.65059041,74.58947943,74.76141014,74.9760978,75.13197115,73.07474936,71.74492746,74.56842935,75.56992584,..
Latvia,LVA,"Life expectancy at birth, total (years)",SP.DYN.LE00.IN,73.48292683,73.57560976,73.77804878,73.98292683,74.12439024,74.4804878,74.5804878,74.62926829,74.78292683,75.38780488,75.18536585,72.9804878,74.27804878,75.67804878,..
Least developed countries: UN classification,LDC,"Life expectancy at birth, total (years)",SP.DYN.LE00.IN,61.04089222,61.5004569,62.22543924,62.72335261,62.9592573,63.30490026,63.72372707,64.03397552,64.60227577,64.97245344,64.83235854,64.26734233,65.76318576,66.51610026,..
Lebanon,LBN,"Life expectancy at birth, total (years)",SP.DYN.LE00.IN,77.529,77.768,77.941,78.037,78.148,78.275,78.306,78.192,78.263,78.208,76.299,73.65,78.003,77.817,..
Lesotho,LSO,"Life expectancy at birth, total (years)",SP.DYN.LE00.IN,46.045,46.93,48.235,49.547,50.786,51.83,52.908,53.874,54.638,55.249,55.133,54.209,56.812,57.375,..
Liberia,LBR,"Life expectancy at birth, total (years)",SP.DYN.LE00.IN,59.358,59.486,59.785,59.992,59.21,59.248,60.483,60.777,60.999,61.232,61.267,61.166,61.934,62.163,..
Libya,LBY,"Life expectancy at birth, total (years)",SP.DYN.LE00.IN,72.196,69.95,72.188,72.339,71.3,71.644,71.799,72.721,73.151,72.941,72.388,72.062,74.462,69.339,..
Liechtenstein,LIE,"Life expectancy at birth, total (years)",SP.DYN.LE00.IN,81.84146341,81.79268293,82.38292683,82.26097561,82.07317073,82.65609756,82.25853659,83.74634146,83.04146341,84.16097561,81.65853659,84.40243902,84.12195122,84.84146341,..
Lithuania,LTU,"Life expectancy at birth, total (years)",SP.DYN.LE00.IN,73.26829268,73.56341463,73.86341463,73.91463415,74.51707317,74.32195122,74.67073171,75.4804878,75.6804878,76.28292683,75.02926829,74.03658537,75.64390244,76.98780488,..
Low & middle income,LMY,"Life expectancy at birth, total (years)",SP.DYN.LE00.IN,68.95478774,69.24346337,69.58233058,69.86909889,70.11968756,70.36770528,70.6061842,70.80829052,71.13450107,71.36985561,70.74868001,69.67178439,71.68528188,71.97400488,..
Low income,LIC,"Life expectancy at birth, total (years)",SP.DYN.LE00.IN,59.92566378,59.86511463,60.43455558,60.86561564,60.83781943,60.9921347,61.40169383,61.57950839,62.33998764,62.79744652,62.8180995,62.37998872,63.45831028,64.51789579,..
Lower middle income,LMC,"Life expectancy at birth, total (years)",SP.DYN.LE00.IN,65.5543981,65.99150652,66.36026612,66.69665802,67.03943977,67.3495072,67.6791939,67.99529154,68.28100336,68.55742563,68.04035634,66.3662903,69.30109468,69.59637466,..
Luxembourg,LUX,"Life expectancy at birth, total (years)",SP.DYN.LE00.IN,80.63170732,80.98780488,81.39268293,81.8,82.22926829,82.29268293,82.68536585,82.09512195,82.29512195,82.63902439,82.14390244,82.59756098,82.94634146,83.35853659,..
"Macao SAR, China",MAC,"Life expectancy at birth, total (years)",SP.DYN.LE00.IN,82.27317073,82.47073171,82.47073171,82.72195122,83.02195122,83.22439024,83.27560976,83.52682927,83.67804878,83.92926829,84.12926829,83.72926829,83.0804878,83.1804878,..
Madagascar,MDG,"Life expectancy at birth, total (years)",SP.DYN.LE00.IN,62.597,62.86,63.007,63.161,63.261,63.362,63.431,63.433,63.491,63.504,62.706,62.516,63.068,63.632,..
Malawi,MWI,"Life expectancy at birth, total (years)",SP.DYN.LE00.IN,57.787,58.859,59.87,60.816,61.651,62.324,63.163,63.914,64.464,64.995,65.216,64.782,66.037,67.353,..
Malaysia,MYS,"Life expectancy at birth, total (years)",SP.DYN.LE00.IN,75.376,75.488,75.552,75.464,75.345,75.288,75.371,75.542,75.734,75.9,76.057,73.917,75.444,76.657,..
Maldives,MDV,"Life expectancy at birth, total (years)",SP.DYN.LE00.IN,76.756,77.141,77.512,77.847,78.187,78.607,78.913,79.228,79.433,79.707,78.713,78.052,80.76,81.041,..
Mali,MLI,"Life expectancy at birth, total (years)",SP.DYN.LE00.IN,55.993,56.367,56.696,57.052,57.482,57.852,58.286,58.562,58.873,59.217,58.858,59.116,60.035,60.439,..
Malta,MLT,"Life expectancy at birth, total (years)",SP.DYN.LE00.IN,81.39756098,80.74634146,80.74634146,81.74634146,82.04634146,81.89756098,82.45365854,82.34634146,82.24878049,82.65853659,82.09756098,82.25853659,82.44878049,83.50731707,..
Marshall Islands,MHL,"Life expectancy at birth, total (years)",SP.DYN.LE00.IN,64.498,64.641,64.776,64.954,65.11,65.292,65.477,65.673,65.87,66.047,65.387,65.421,66.725,66.945,..
Mauritania,MRT,"Life expectancy at birth, total (years)",SP.DYN.LE00.IN,65.661,65.754,65.808,65.89,66.207,66.498,66.823,67.088,67.419,67.64,66.794,66.762,68.281,68.484,..
Mauritius,MUS,"Life expectancy at birth, total (years)",SP.DYN.LE00.IN,72.96731707,73.26682927,73.86341463,74.01707317,74.19439024,74.35317073,74.39487805,74.51463415,74.41634146,74.23585366,74.17707317,73.6802439,73.51463415,73.41219512,..
Mexico,MEX,"Life expectancy at birth, total (years)",SP.DYN.LE00.IN,73.718,73.921,74.128,74.289,74.404,74.431,74.376,74.261,74.301,74.53,70.449,69.75,73.973,75.069,..
"Micronesia, Fed. Sts.",FSM,"Life expectancy at birth, total (years)",SP.DYN.LE00.IN,64.892,64.969,65.08,65.179,65.294,65.306,65.576,65.761,65.943,66.196,65.878,66.152,66.961,67.198,..
"Middle East, North Africa, Afghanistan & Pakistan",MEA,"Life expectancy at birth, total (years)",SP.DYN.LE00.IN,69.2105447,69.39403007,69.45512501,69.70834025,69.98988301,70.15110492,70.42892781,70.70975753,70.94032135,71.2438695,69.91107896,69.71131935,71.69183197,72.08394124,..
"Middle East, North Africa, Afghanistan & Pakistan (excluding high income)",MNA,"Life expectancy at birth, total (years)",SP.DYN.LE00.IN,68.49125051,68.66240951,68.69133104,68.91363004,69.17155584,69.28732636,69.53283764,69.81413164,70.0733669,70.41748459,69.05063429,68.92802148,71.00553154,71.27588499,..
"Middle East, North Africa, Afghanistan & Pakistan (IDA & IBRD)",TMN,"Life expectancy at birth, total (years)",SP.DYN.LE00.IN,68.45949675,68.62996358,68.65782621,68.87864847,69.14727494,69.25153486,69.49618264,69.77724095,70.03684444,70.38009178,69.0090964,68.89310323,70.96543255,71.31945609,..
Middle income,MIC,"Life expectancy at birth, total (years)",SP.DYN.LE00.IN,69.71168565,70.04176253,70.371958,70.65585397,70.9403713,71.20726423,71.44242412,71.65997567,71.96013269,72.18963241,71.52145539,70.39571078,72.51755067,72.74319387,..
Moldova,MDA,"Life expectancy at birth, total (years)",SP.DYN.LE00.IN,69.876,70.173,70.344,70.291,70.241,70.118,70.179,70.375,70.236,70.181,69.914,68.991,71.546,71.198,..
Monaco,MCO,"Life expectancy at birth, total (years)",SP.DYN.LE00.IN,84.644,85.01,85.045,85.056,85.093,85.323,85.63,85.878,86.084,86.151,86.089,85.113,85.746,86.372,..
Mongolia,MNG,"Life expectancy at birth, total (years)",SP.DYN.LE00.IN,68.50560976,69.10926829,69.5002439,70.09804878,70.58317073,70.8102439,70.22390244,70.54341463,70.82707317,71.05317073,71.34902439,71.64512195,71.90073171,72.12243902,..
Montenegro,MNE,"Life expectancy at birth, total (years)",SP.DYN.LE00.IN,75.9902439,76.08292683,76.3,76.4902439,76.33902439,76.60243902,76.54146341,76.68536585,77.88536585,76.68292683,75.93170732,73.82439024,76.18780488,77.58780488,..
Morocco,MAR,"Life expectancy at birth, total (years)",SP.DYN.LE00.IN,70.821,71.263,71.674,72.117,72.522,72.894,73.228,73.608,73.946,74.245,73.133,73.385,75.161,75.313,..
Mozambique,MOZ,"Life expectancy at birth, total (years)",SP.DYN.LE00.IN,55.04,55.733,56.46,57.189,57.965,58.711,59.455,60.148,60.79,61.306,61.39,60.268,63.011,63.611,..
Myanmar,MMR,"Life expectancy at birth, total (years)",SP.DYN.LE00.IN,63.479,63.859,64.251,64.617,64.994,65.288,65.64,65.909,66.232,66.457,66.612,65.553,66.506,66.889,..
Namibia,NAM,"Life expectancy at birth, total (years)",SP.DYN.LE00.IN,56.093,56.647,57.733,58.468,59.311,60.008,60.81,61.661,62.579,63.546,64.071,60.85,64.19,67.385,..
Nauru,NRU,"Life expectancy at birth, total (years)",SP.DYN.LE00.IN,60.074,60.287,60.533,60.701,60.834,60.897,60.996,61.101,61.238,61.393,61.527,61.331,61.93,62.109,..
Nepal,NPL,"Life expectancy at birth, total (years)",SP.DYN.LE00.IN,66.772,67.123,67.364,67.598,67.812,67.374,68.444,68.74,69.036,69.299,69.106,68.385,70.087,70.354,..
Netherlands,NLD,"Life expectancy at birth, total (years)",SP.DYN.LE00.IN,80.70243902,81.20487805,81.10487805,81.30487805,81.70731707,81.5097561,81.56097561,81.76097561,81.81219512,82.11219512,81.35853659,81.3097561,81.61463415,81.91463415,..
New Caledonia,NCL,"Life expectancy at birth, total (years)",SP.DYN.LE00.IN,75.992,76.315,76.615,76.867,77.053,77.206,77.359,77.504,77.557,77.262,77.049,77.113,77.698,78.766,..
New Zealand,NZL,"Life expectancy at birth, total (years)",SP.DYN.LE00.IN,80.90487805,81.15609756,81.40731707,81.40487805,81.45682927,81.61243902,81.65853659,81.85853659,81.70731707,82.05609756,82.25609756,82.20731707,81.95853659,83.00487805,..
Nicaragua,NIC,"Life expectancy at birth, total (years)",SP.DYN.LE00.IN,71.761,72.033,72.435,72.551,72.792,72.899,73.18,73.389,73.879,73.764,70.766,70.478,74.463,74.947,..
Niger,NER,"Life expectancy at birth, total (years)",SP.DYN.LE00.IN,57.08,57.6,57.987,58.364,58.693,58.85,59.228,59.524,59.765,60.031,59.89,59.542,60.398,61.183,..
Nigeria,NGA,"Life expectancy at birth, total (years)",SP.DYN.LE00.IN,51.315,51.49,51.688,51.827,51.94,51.939,52.189,52.397,52.669,53.009,53.072,53.455,54.079,54.462,..
North America,NAC,"Life expectancy at birth, total (years)",SP.DYN.LE00.IN,78.8169547,78.92343235,79.03222533,79.04112959,79.13565535,79.00362547,78.88001038,78.86880362,78.96079607,79.13341344,77.44980998,76.86576789,77.83276796,78.73282137,..
North Macedonia,MKD,"Life expectancy at birth, total (years)",SP.DYN.LE00.IN,74.99756098,75.1,74.90243902,75.4,75.45121951,75.40243902,75.4,75.95365854,76.64878049,76.60243902,74.39512195,73.24634146,74.42487805,75.31609756,..
Northern Mariana Islands,MNP,"Life expectancy at birth, total (years)",SP.DYN.LE00.IN,77.8,77.688,77.566,77.452,77.377,77.36,77.392,77.47,77.51,77.844,78.03,78.16,78.531,78.808,..
Norway,NOR,"Life expectancy at birth, total (years)",SP.DYN.LE00.IN,80.99756098,81.29512195,81.45121951,81.75121951,82.1,82.30487805,82.40731707,82.6097561,82.75853659,82.95853659,83.2097561,83.16341463,82.5097561,83.11219512,..
Not classified,INX,"Life expectancy at birth, total (years)",SP.DYN.LE00.IN,..,..,..,..,..,..,..,..,..,..,..,..,..,..,..
OECD members,OED,"Life expectancy at birth, total (years)",SP.DYN.LE00.IN,79.04730085,79.26859387,79.42988598,79.62492762,79.8766519,79.76194769,79.89142269,79.93105837,80.02817111,80.24507772,78.95804796,78.58862176,79.52156846,80.1615573,..
Oman,OMN,"Life expectancy at birth, total (years)",SP.DYN.LE00.IN,77.184,77.74,78.187,78.633,79.03,79.346,79.581,79.748,79.864,79.946,77.763,75.969,77.911,80.031,..
Other small states,OSS,"Life expectancy at birth, total (years)",SP.DYN.LE00.IN,69.56652484,69.93734369,70.39203181,70.80407901,71.09981622,71.47958306,71.77456905,72.12376582,72.42178504,72.65701164,72.50970978,71.76997193,72.90492487,73.56469451,..
Pacific island small states,PSS,"Life expectancy at birth, total (years)",SP.DYN.LE00.IN,67.90591719,68.02228102,67.66605323,68.00546256,68.03761321,68.1166096,68.28565086,68.5192875,68.58258879,68.64215783,68.35681088,67.48102092,69.1004349,69.2745949,..
Pakistan,PAK,"Life expectancy at birth, total (years)",SP.DYN.LE00.IN,64.378,64.659,64.883,65.129,65.374,65.641,65.943,66.223,66.481,66.729,65.701,65.773,67.417,67.649,..
Palau,PLW,"Life expectancy at birth, total (years)",SP.DYN.LE00.IN,68.347,68.638,68.863,68.981,69.062,69.07,69.046,69.019,68.989,68.982,68.689,68.563,68.922,69.269,..
Panama,PAN,"Life expectancy at birth, total (years)",SP.DYN.LE00.IN,76.417,76.659,76.877,77.129,77.365,77.583,77.772,77.901,78.266,78.514,76.33,77.004,79.324,79.594,..
Papua New Guinea,PNG,"Life expectancy at birth, total (years)",SP.DYN.LE00.IN,63.056,63.382,63.639,63.927,64.198,64.473,64.7,64.923,65.114,65.331,65.075,64.358,65.274,66.134,..
Paraguay,PRY,"Life expectancy at birth, total (years)",SP.DYN.LE00.IN,72.551,72.787,73.105,73.292,73.415,73.454,73.487,73.45,73.627,73.668,72.72,68.108,72.319,73.844,..
Peru,PER,"Life expectancy at birth, total (years)",SP.DYN.LE00.IN,72.886,73.327,73.979,74.591,75.26,75.732,75.951,75.958,76.018,76.275,73.832,71.596,76.834,77.74,..
Philippines,PHL,"Life expectancy at birth, total (years)",SP.DYN.LE00.IN,68.883,69.096,69.237,69.283,69.311,69.45,69.49,69.966,69.761,69.68,70.097,66.675,69.472,69.833,..
Poland,POL,"Life expectancy at birth, total (years)",SP.DYN.LE00.IN,76.24634146,76.69512195,76.74634146,77,77.60243902,77.45121951,77.85121951,77.75365854,77.60243902,77.90487805,76.4,75.35121951,77.15609756,78.50731707,..
Portugal,PRT,"Life expectancy at birth, total (years)",SP.DYN.LE00.IN,79.02682927,80.47073171,80.37317073,80.72195122,81.12195122,81.12439024,81.12439024,81.42439024,81.32439024,81.67560976,81.32926829,81.37804878,81.63170732,82.2804878,..
Post-demographic dividend,PST,"Life expectancy at birth, total (years)",SP.DYN.LE00.IN,79.67854055,79.94438247,80.08871097,80.27344157,80.53904546,80.44009973,80.61124115,80.66505538,80.74428266,80.97009334,80.06591407,79.79558155,80.19785321,80.82283464,..
Pre-demographic dividend,PRE,"Life expectancy at birth, total (years)",SP.DYN.LE00.IN,57.12199836,57.31185332,58.01534624,58.45036312,58.60865882,58.9362665,59.23635624,59.54023507,60.20747248,60.5568009,60.501207,60.27525051,61.383288,62.16362989,..
Puerto Rico (US),PRI,"Life expectancy at birth, total (years)",SP.DYN.LE00.IN,78.717,78.766,79.258,80.318,80.039,80.677,80.355,79.07,81.086,81.438,80.009,79.77,79.427,81.69,..
Qatar,QAT,"Life expectancy at birth, total (years)",SP.DYN.LE00.IN,79.444,79.994,80.499,80.974,81.395,81.785,82.147,82.458,82.714,82.945,80.409,81.083,81.857,82.368,..
Romania,ROU,"Life expectancy at birth, total (years)",SP.DYN.LE00.IN,73.45853659,74.4097561,74.41219512,75.06341463,74.9097561,74.91219512,75.2097561,75.2097561,75.35853659,75.60731707,74.25365854,72.8097561,75.15365854,76.60731707,..
Russian Federation,RUS,"Life expectancy at birth, total (years)",SP.DYN.LE00.IN,68.84121951,69.68390244,70.07219512,70.57878049,70.74365854,71.18341463,71.65121951,72.45146341,72.66219512,73.08390244,71.33878049,69.9002439,72.54560976,73.25463415,..
Rwanda,RWA,"Life expectancy at birth, total (years)",SP.DYN.LE00.IN,62.804,63.476,64.189,64.651,65.088,65.419,65.733,66.14,66.354,66.691,66.953,66.85,67.528,67.785,..
Samoa,WSM,"Life expectancy at birth, total (years)",SP.DYN.LE00.IN,71.451,71.393,71.159,71.229,71.142,71.06,71.003,70.991,71.052,70.269,70.727,71.096,71.55,71.698,..
San Marino,SMR,"Life expectancy at birth, total (years)",SP.DYN.LE00.IN,83.464,83.713,83.943,84.175,84.394,84.596,84.775,84.933,85.095,85.257,82.65,83.539,85.708,85.706,..
Sao Tome and Principe,STP,"Life expectancy at birth, total (years)",SP.DYN.LE00.IN,63.867,64.122,64.505,64.93,65.478,66.023,66.563,67.074,67.602,68.043,67.979,68.026,69.237,69.718,..
Saudi Arabia,SAU,"Life expectancy at birth, total (years)",SP.DYN.LE00.IN,75.616,75.808,76.09,76.517,77.116,77.776,78.354,78.721,78.75,78.313,77.596,77.089,77.31,78.732,..
Senegal,SEN,"Life expectancy at birth, total (years)",SP.DYN.LE00.IN,64.221,64.799,65.229,65.638,66.001,66.451,66.724,67.059,67.379,67.668,67.496,66.868,67.788,68.683,..
Serbia,SRB,"Life expectancy at birth, total (years)",SP.DYN.LE00.IN,74.33658537,74.53658537,74.83658537,75.18536585,75.33658537,75.28780488,75.68780488,75.53902439,75.8902439,75.93658537,74.47804878,72.7804878,75.23658537,76.22097561,..
Seychelles,SYC,"Life expectancy at birth, total (years)",SP.DYN.LE00.IN,73.19756098,72.72439024,74.27560976,73.1195122,73.22926829,74.29512195,74.3097561,74.3,72.84146341,74.04634146,77.23658537,73.39756098,73.70243902,74.95853659,..
Sierra Leone,SLE,"Life expectancy at birth, total (years)",SP.DYN.LE00.IN,51.927,52.594,53.159,54.051,54.281,55.454,56.937,57.761,59.059,59.593,59.694,60.26,61.275,61.786,..
Singapore,SGP,"Life expectancy at birth, total (years)",SP.DYN.LE00.IN,81.54146341,81.74390244,81.99512195,82.24634146,82.49512195,82.74390244,82.84634146,83.09512195,83.29756098,83.59512195,83.54390244,83.09268293,82.89512195,82.89512195,..
Sint Maarten (Dutch part),SXM,"Life expectancy at birth, total (years)",SP.DYN.LE00.IN,74.821,74.868,75.125,75.391,75.735,75.899,75.952,75.455,75.693,75.68,75.002,74.505,76.18,76.371,..
Slovak Republic,SVK,"Life expectancy at birth, total (years)",SP.DYN.LE00.IN,75.11219512,75.95853659,76.1097561,76.41219512,76.81219512,76.56341463,77.16585366,77.16585366,77.26585366,77.66585366,76.86585366,74.61463415,76.96585366,78.01707317,..
Slovenia,SVN,"Life expectancy at birth, total (years)",SP.DYN.LE00.IN,79.42195122,79.97073171,80.12439024,80.32195122,81.07804878,80.77560976,81.17560976,81.02926829,81.37804878,81.52926829,80.53170732,80.67560976,81.28292683,81.97804878,..
Small states,SST,"Life expectancy at birth, total (years)",SP.DYN.LE00.IN,69.69331189,70.00143757,70.27259592,70.61569802,70.85361544,71.1242805,71.37598503,71.65561941,71.86407356,72.00096073,71.82555528,70.77568259,72.37946786,72.90071976,..
Solomon Islands,SLB,"Life expectancy at birth, total (years)",SP.DYN.LE00.IN,68.669,68.824,68.961,69.007,68.984,69.323,69.501,69.652,69.806,69.981,69.258,68.89,70.409,70.528,..
Somalia,SOM,"Life expectancy at birth, total (years)",SP.DYN.LE00.IN,48.9,32.453,49.138,54.016,54.442,55.056,55.283,52.19,54.767,57.249,57.095,55.703,53.931,58.816,..
South Africa,ZAF,"Life expectancy at birth, total (years)",SP.DYN.LE00.IN,58.886,60.602,61.737,62.388,63.184,64.053,64.749,65.422,65.726,66.071,65.15,62.01,65.454,66.139,..
South Asia,SAS,"Life expectancy at birth, total (years)",SP.DYN.LE00.IN,67.35250684,67.81083948,68.26296153,68.68532883,69.12085635,69.51103341,69.91847071,70.29047234,70.6523574,70.99756231,70.3622207,67.82152998,72.01157313,72.32476488,..
South Asia (IDA & IBRD),TSA,"Life expectancy at birth, total (years)",SP.DYN.LE00.IN,67.35250684,67.81083948,68.26296153,68.68532883,69.12085635,69.51103341,69.91847071,70.29047234,70.6523574,70.99756231,70.3622207,67.82152998,72.01157313,72.32476488,..
South Sudan,SSD,"Life expectancy at birth, total (years)",SP.DYN.LE00.IN,57.485,57.674,58.241,58.285,45.625,39.757,36.72,35.351,51.905,58.129,57.648,57.047,57.203,57.617,..
Spain,ESP,"Life expectancy at birth, total (years)",SP.DYN.LE00.IN,81.62682927,82.47560976,82.42682927,83.07804878,83.22926829,82.83170732,83.32926829,83.28292683,83.43170732,83.83170732,82.23170732,83.17804878,83.13414634,83.88292683,..
Sri Lanka,LKA,"Life expectancy at birth, total (years)",SP.DYN.LE00.IN,74.463,74.74,75.187,75.546,75.757,75.99,76.136,76.239,76.485,76.698,76.928,76.278,77.3,77.483,..
St. Kitts and Nevis,KNA,"Life expectancy at birth, total (years)",SP.DYN.LE00.IN,71.452,71.4,71.362,71.29,71.228,71.211,71.227,71.284,71.336,71.54,71.181,69.271,70.313,72.145,..
St. Lucia,LCA,"Life expectancy at birth, total (years)",SP.DYN.LE00.IN,72.768,72.962,72.86,72.687,72.676,72.932,72.552,72.522,72.655,72.249,72.308,69.119,72.67,72.697,..
St. Martin (French part),MAF,"Life expectancy at birth, total (years)",SP.DYN.LE00.IN,78.752,79.016,79.302,79.528,79.727,79.829,79.885,78.762,80.029,80.078,80.085,80.206,80.236,80.224,..
St. Vincent and the Grenadines,VCT,"Life expectancy at birth, total (years)",SP.DYN.LE00.IN,70.66,70.609,70.539,70.091,70.355,70.463,70.7,71.013,71.017,70.994,69.605,69.132,71.191,71.23,..
Sub-Saharan Africa,SSF,"Life expectancy at birth, total (years)",SP.DYN.LE00.IN,57.10706045,57.47344184,58.22811901,58.71796043,58.98557239,59.39872147,59.8121002,60.15840153,60.76672751,61.12932184,61.16752708,60.70343637,61.85717959,62.60291349,..
Sub-Saharan Africa (excluding high income),SSA,"Life expectancy at birth, total (years)",SP.DYN.LE00.IN,56.81227329,57.1199263,57.86372756,58.32811022,58.53969636,58.92445694,59.31994339,59.63671159,60.25826104,60.60659129,60.62222943,60.17747465,61.2833536,62.06547988,..
Sub-Saharan Africa (IDA & IBRD countries),TSS,"Life expectancy at birth, total (years)",SP.DYN.LE00.IN,57.10706045,57.47344184,58.22811901,58.71796043,58.98557239,59.39872147,59.8121002,60.15840153,60.76672751,61.12932184,61.16752708,60.70343637,61.85717959,62.60291349,..
Sudan,SDN,"Life expectancy at birth, total (years)",SP.DYN.LE00.IN,62.979,63.181,63.427,63.443,63.99,64.375,64.677,65.146,65.501,65.803,65.124,64.46,65.695,66.331,..
Suriname,SUR,"Life expectancy at birth, total (years)",SP.DYN.LE00.IN,69.626,69.82,69.957,70.11,70.33,70.567,70.979,71.247,71.468,71.773,72.321,68.943,73.254,73.631,..
Sweden,SWE,"Life expectancy at birth, total (years)",SP.DYN.LE00.IN,81.45121951,81.80243902,81.70487805,81.95609756,82.25365854,82.20487805,82.30731707,82.4097561,82.55853659,83.1097561,82.35609756,83.05609756,83.05853659,83.3097561,..
Switzerland,CHE,"Life expectancy at birth, total (years)",SP.DYN.LE00.IN,82.24634146,82.69512195,82.69756098,82.79756098,83.19756098,82.89756098,83.60243902,83.55121951,83.75365854,83.90487805,83,83.75121951,83.60487805,84.05609756,..
Syrian Arab Republic,SYR,"Life expectancy at birth, total (years)",SP.DYN.LE00.IN,73.542,72.259,66.206,65.146,65.492,63.265,65.19,65.651,67.371,70.97,71.944,72.418,72.79,72.12,..
Tajikistan,TJK,"Life expectancy at birth, total (years)",SP.DYN.LE00.IN,68.37,68.698,69.13,69.579,69.697,69.665,69.982,70.524,70.737,70.962,68.605,69.594,71.562,71.79,..
Tanzania,TZA,"Life expectancy at birth, total (years)",SP.DYN.LE00.IN,61.127,61.618,62.286,62.788,63.364,63.928,64.404,64.963,65.488,66.007,66.771,66.131,66.879,66.995,..
Thailand,THA,"Life expectancy at birth, total (years)",SP.DYN.LE00.IN,75.012,75.302,75.59,75.96,76.279,76.563,76.769,76.989,77.19,77.197,77.331,77.606,75.291,76.412,..
Timor-Leste,TLS,"Life expectancy at birth, total (years)",SP.DYN.LE00.IN,63.66,64.022,64.384,64.719,65.027,65.326,65.61,65.898,66.204,66.496,66.919,66.199,67.368,67.689,..
Togo,TGO,"Life expectancy at birth, total (years)",SP.DYN.LE00.IN,57.227,57.612,57.94,58.345,58.766,59.22,59.669,60.135,60.601,61.055,61.123,61.328,62.29,62.739,..
Tonga,TON,"Life expectancy at birth, total (years)",SP.DYN.LE00.IN,71.319,71.437,71.546,71.65,71.721,71.851,71.951,72.066,72.169,72.292,72.379,72.13,72.635,72.895,..
Trinidad and Tobago,TTO,"Life expectancy at birth, total (years)",SP.DYN.LE00.IN,71.809,72.232,72.513,72.785,72.898,72.882,72.935,72.984,72.658,72.836,72.645,71.111,73.331,73.49,..
Tunisia,TUN,"Life expectancy at birth, total (years)",SP.DYN.LE00.IN,74.438,74.471,74.599,74.674,74.784,74.875,75.007,75.177,75.37,75.599,75.004,72.893,76.05,76.508,..
Turkiye,TUR,"Life expectancy at birth, total (years)",SP.DYN.LE00.IN,74.964,74.823,75.552,76.171,76.452,76.539,76.595,77.037,77.454,77.737,76.525,75.722,77.591,77.156,..
Turkmenistan,TKM,"Life expectancy at birth, total (years)",SP.DYN.LE00.IN,68.608,68.87,68.961,68.968,69.001,69.061,69.142,69.19,69.272,69.405,68.846,69.353,69.913,70.073,..
Turks and Caicos Islands,TCA,"Life expectancy at birth, total (years)",SP.DYN.LE00.IN,76.784,76.87,76.969,77.1,77.212,77.321,77.437,77.505,77.596,77.691,77.499,77.234,77.918,78.008,..
Tuvalu,TUV,"Life expectancy at birth, total (years)",SP.DYN.LE00.IN,64.834,64.96,65.079,65.171,65.278,65.365,65.51,65.683,65.871,66.109,66.357,65.824,66.852,67.105,..
Uganda,UGA,"Life expectancy at birth, total (years)",SP.DYN.LE00.IN,59.959,60.791,61.579,62.353,63.057,63.831,64.494,65.174,65.775,66.354,66.41,66.45,67.675,68.252,..
Ukraine,UKR,"Life expectancy at birth, total (years)",SP.DYN.LE00.IN,70.188,70.711,71.09,71.474,71.803,72.686,73.389,73.993,73.569,73.92,73.283,71.631,72.658,73.422,..
United Arab Emirates,ARE,"Life expectancy at birth, total (years)",SP.DYN.LE00.IN,81.886,81.898,81.913,81.95,81.99,82.076,82.195,82.388,82.449,82.596,81.936,79.083,80.487,82.909,..
United Kingdom,GBR,"Life expectancy at birth, total (years)",SP.DYN.LE00.IN,80.40243902,80.95121951,80.90487805,81.00487805,81.30487805,80.95609756,81.15609756,81.25609756,81.25609756,81.36912195,80.3317561,80.64731707,81.01121951,81.23809756,..
United States,USA,"Life expectancy at birth, total (years)",SP.DYN.LE00.IN,78.54146341,78.64146341,78.74146341,78.74146341,78.84146341,78.6902439,78.53902439,78.53902439,78.63902439,78.78780488,76.9804878,76.32926829,77.43414634,78.38536585,..
Upper middle income,UMC,"Life expectancy at birth, total (years)",SP.DYN.LE00.IN,73.83147459,74.09055397,74.41225055,74.67085995,74.92511826,75.17546917,75.34041855,75.48104272,75.82206421,76.02948077,75.23155162,74.72761499,76.00928043,76.1953051,..
Uruguay,URY,"Life expectancy at birth, total (years)",SP.DYN.LE00.IN,76.691,76.614,76.691,76.953,77.194,77.285,77.351,77.618,77.527,77.503,78.381,75.434,76.468,78.138,..
Uzbekistan,UZB,"Life expectancy at birth, total (years)",SP.DYN.LE00.IN,69.836,70.143,70.411,70.692,70.973,71.33,71.58,71.737,71.999,72.093,71.461,71.681,72.147,72.388,..
Vanuatu,VUT,"Life expectancy at birth, total (years)",SP.DYN.LE00.IN,69.57,69.729,69.898,69.986,70.043,70.163,70.397,70.5,70.626,70.783,70.385,69.952,71.302,71.477,..
"Venezuela, RB",VEN,"Life expectancy at birth, total (years)",SP.DYN.LE00.IN,73.092,73.09,73.086,73.076,72.837,73.004,72.002,71.903,72.641,72.766,72.369,71.536,72.566,72.514,..
Viet Nam,VNM,"Life expectancy at birth, total (years)",SP.DYN.LE00.IN,73.611,73.713,73.762,73.821,73.886,73.955,73.984,74.026,74.1,74.211,75.383,74.145,74.502,74.588,..
Virgin Islands (U.S.),VIR,"Life expectancy at birth, total (years)",SP.DYN.LE00.IN,77.86585366,78.31707317,78.51707317,78.71707317,78.86829268,79.01707317,79.16829268,79.36829268,79.5195122,79.66829268,79.8195122,80.06829268,80.3195122,80.5195122,..
West Bank and Gaza,PSE,"Life expectancy at birth, total (years)",SP.DYN.LE00.IN,73.302,73.557,73.722,74.14,72.781,74.577,74.917,75.216,75.38,75.811,74.998,73.89,76.662,65.17,..
"Yemen, Rep.",YEM,"Life expectancy at birth, total (years)",SP.DYN.LE00.IN,67.223,67.412,67.569,67.961,68.003,66.761,67.105,67.12,65.915,66.567,66.435,66.019,67.952,69.295,..
Zambia,ZMB,"Life expectancy at birth, total (years)",SP.DYN.LE00.IN,56.896,57.843,58.704,59.445,60.109,60.728,61.129,61.564,62.138,62.914,63.361,62.363,65.279,66.349,..
Zimbabwe,ZWE,"Life expectancy at birth, total (years)",SP.DYN.LE00.IN,51.925,53.911,55.386,56.842,58.106,58.989,59.76,60.263,60.906,61.06,61.53,60.135,62.36,62.775,..
